{
    "day": [
        {"date":"01-01-2024","holiday":"New Year's Day","currentConsumption":252.4231660921},{"date":"02-01-2024","holiday":null,"currentConsumption":276.9915824123},{"date":"03-01-2024","holiday":null,"currentConsumption":270.9284303408},{"date":"04-01-2024","holiday":null,"currentConsumption":268.9396944163},{"date":"05-01-2024","holiday":null,"currentConsumption":280.5068998398},{"date":"06-01-2024","holiday":null,"currentConsumption":243.9358400968},{"date":"07-01-2024","holiday":null,"currentConsumption":221.4732679183},{"date":"08-01-2024","holiday":null,"currentConsumption":251.2958322123},{"date":"09-01-2024","holiday":null,"currentConsumption":271.7413246057},{"date":"10-01-2024","holiday":null,"currentConsumption":266.4198687338},{"date":"11-01-2024","holiday":null,"currentConsumption":241.1474224471},{"date":"12-01-2024","holiday":null,"currentConsumption":240.1679637324},{"date":"13-01-2024","holiday":null,"currentConsumption":234.7851536854},{"date":"14-01-2024","holiday":"Lohri","currentConsumption":268.1537372334},{"date":"15-01-2024","holiday":"Makar Sankranti","currentConsumption":254.3315896092},{"date":"16-01-2024","holiday":null,"currentConsumption":271.6362091419},{"date":"17-01-2024","holiday":"Guru Govind Singh Jayanti","currentConsumption":271.4444202318},{"date":"18-01-2024","holiday":null,"currentConsumption":270.9160577394},{"date":"19-01-2024","holiday":null,"currentConsumption":254.3565329548},{"date":"20-01-2024","holiday":null,"currentConsumption":275.7115042022},{"date":"21-01-2024","holiday":null,"currentConsumption":252.102245855},{"date":"22-01-2024","holiday":null,"currentConsumption":251.4403280883},{"date":"23-01-2024","holiday":null,"currentConsumption":260.8882276226},{"date":"24-01-2024","holiday":"Hazarat Ali's Birthday","currentConsumption":253.9171759697},{"date":"25-01-2024","holiday":null,"currentConsumption":272.3540875457},{"date":"26-01-2024","holiday":"Republic Day","currentConsumption":228.3770103741},{"date":"27-01-2024","holiday":null,"currentConsumption":281.6690209989},{"date":"28-01-2024","holiday":null,"currentConsumption":258.8349889237},{"date":"29-01-2024","holiday":null,"currentConsumption":258.9238296584},{"date":"30-01-2024","holiday":null,"currentConsumption":275.8156519427},{"date":"31-01-2024","holiday":null,"currentConsumption":283.408898936},{"date":"01-02-2024","holiday":null,"currentConsumption":237.9728662612},{"date":"02-02-2024","holiday":null,"currentConsumption":244.4103222349},{"date":"03-02-2024","holiday":null,"currentConsumption":228.0006217005},{"date":"04-02-2024","holiday":null,"currentConsumption":286.5930676106},{"date":"05-02-2024","holiday":null,"currentConsumption":261.2843595162},{"date":"06-02-2024","holiday":null,"currentConsumption":260.4083935057},{"date":"07-02-2024","holiday":null,"currentConsumption":280.7200450464},{"date":"08-02-2024","holiday":"Maha Shivaratri\/Shivaratri","currentConsumption":284.8907011552},{"date":"09-02-2024","holiday":null,"currentConsumption":250.4722512103},{"date":"10-02-2024","holiday":"Chinese New Year","currentConsumption":232.1819176976},{"date":"11-02-2024","holiday":null,"currentConsumption":231.1867011932},{"date":"12-02-2024","holiday":null,"currentConsumption":267.2047948369},{"date":"13-02-2024","holiday":null,"currentConsumption":274.6234075125},{"date":"14-02-2024","holiday":"Valentine's Day","currentConsumption":253.6627270916},{"date":"15-02-2024","holiday":null,"currentConsumption":268.0140724884},{"date":"16-02-2024","holiday":null,"currentConsumption":276.5220810032},{"date":"17-02-2024","holiday":null,"currentConsumption":224.6948227513},{"date":"18-02-2024","holiday":null,"currentConsumption":229.3053622507},{"date":"19-02-2024","holiday":"Shivaji Jayanti","currentConsumption":253.5859504085},{"date":"20-02-2024","holiday":null,"currentConsumption":242.8729508863},{"date":"21-02-2024","holiday":null,"currentConsumption":246.3618693599},{"date":"22-02-2024","holiday":null,"currentConsumption":227.710189757},{"date":"23-02-2024","holiday":null,"currentConsumption":263.5377668579},{"date":"24-02-2024","holiday":"Guru Ravidas Jayanti","currentConsumption":227.6111290899},{"date":"25-02-2024","holiday":null,"currentConsumption":283.9389496716},{"date":"26-02-2024","holiday":null,"currentConsumption":265.4146208867},{"date":"27-02-2024","holiday":null,"currentConsumption":249.2843413214},{"date":"28-02-2024","holiday":null,"currentConsumption":224.2439842203},{"date":"29-02-2024","holiday":null,"currentConsumption":244.573929776},{"date":"01-03-2024","holiday":null,"currentConsumption":245.0982447068},{"date":"02-03-2024","holiday":null,"currentConsumption":246.6347132815},{"date":"03-03-2024","holiday":null,"currentConsumption":269.4785861074},{"date":"04-03-2024","holiday":null,"currentConsumption":224.119859496},{"date":"05-03-2024","holiday":"Maharishi Dayanand Saraswati Jayanti","currentConsumption":271.1129307546},{"date":"06-03-2024","holiday":null,"currentConsumption":245.3911954823},{"date":"07-03-2024","holiday":null,"currentConsumption":241.9731767478},{"date":"08-03-2024","holiday":null,"currentConsumption":234.3082851064},{"date":"09-03-2024","holiday":null,"currentConsumption":228.0948654447},{"date":"10-03-2024","holiday":null,"currentConsumption":261.1280315131},{"date":"11-03-2024","holiday":null,"currentConsumption":264.8816152484},{"date":"12-03-2024","holiday":null,"currentConsumption":275.7847761014},{"date":"13-03-2024","holiday":null,"currentConsumption":247.6132323026},{"date":"14-03-2024","holiday":null,"currentConsumption":285.0632582163},{"date":"15-03-2024","holiday":null,"currentConsumption":231.0188109475},{"date":"16-03-2024","holiday":null,"currentConsumption":269.6497664574},{"date":"17-03-2024","holiday":null,"currentConsumption":282.9144538149},{"date":"18-03-2024","holiday":null,"currentConsumption":261.9591439232},{"date":"19-03-2024","holiday":null,"currentConsumption":244.2448672875},{"date":"20-03-2024","holiday":"March Equinox","currentConsumption":273.356243286},{"date":"21-03-2024","holiday":null,"currentConsumption":231.7681765886},{"date":"22-03-2024","holiday":null,"currentConsumption":268.4986262935},{"date":"23-03-2024","holiday":null,"currentConsumption":270.0133813654},{"date":"24-03-2024","holiday":"Holika Dahana","currentConsumption":274.6623709221},{"date":"25-03-2024","holiday":"Dolyatra","currentConsumption":275.7223107947},{"date":"26-03-2024","holiday":null,"currentConsumption":247.8153202411},{"date":"27-03-2024","holiday":null,"currentConsumption":243.8364806462},{"date":"28-03-2024","holiday":"Maundy Thursday","currentConsumption":282.0386842778},{"date":"29-03-2024","holiday":"Good Friday","currentConsumption":267.4252268718},{"date":"30-03-2024","holiday":null,"currentConsumption":227.1537491039},{"date":"31-03-2024","holiday":"Easter Day","currentConsumption":256.733504679},{"date":"01-04-2024","holiday":null,"currentConsumption":281.8729586363},{"date":"02-04-2024","holiday":null,"currentConsumption":277.9292677254},{"date":"03-04-2024","holiday":null,"currentConsumption":222.8288431444},{"date":"04-04-2024","holiday":null,"currentConsumption":243.9494035156},{"date":"05-04-2024","holiday":"Jamat Ul-Vida","currentConsumption":253.1915902722},{"date":"06-04-2024","holiday":null,"currentConsumption":286.2269993629},{"date":"07-04-2024","holiday":null,"currentConsumption":255.0977676757},{"date":"08-04-2024","holiday":null,"currentConsumption":286.7722806521},{"date":"09-04-2024","holiday":"Gudi Padwa","currentConsumption":252.3377306607},{"date":"10-04-2024","holiday":"Ramzan Id\/Eid-ul-Fitar","currentConsumption":228.992160438},{"date":"11-04-2024","holiday":null,"currentConsumption":272.309267028},{"date":"12-04-2024","holiday":null,"currentConsumption":283.3399660816},{"date":"13-04-2024","holiday":"Vaisakhi","currentConsumption":223.4412706302},{"date":"14-04-2024","holiday":"Ambedkar Jayanti","currentConsumption":273.4554410384},{"date":"15-04-2024","holiday":null,"currentConsumption":259.1982381249},{"date":"16-04-2024","holiday":null,"currentConsumption":279.0534414381},{"date":"17-04-2024","holiday":"Rama Navami","currentConsumption":223.9818700668},{"date":"18-04-2024","holiday":null,"currentConsumption":229.4095337473},{"date":"19-04-2024","holiday":null,"currentConsumption":228.1210260713},{"date":"20-04-2024","holiday":null,"currentConsumption":281.7498943525},{"date":"21-04-2024","holiday":"Mahavir Jayanti","currentConsumption":259.6536069634},{"date":"22-04-2024","holiday":null,"currentConsumption":231.4046108477},{"date":"23-04-2024","holiday":"First day of Passover","currentConsumption":284.3147858524},{"date":"24-04-2024","holiday":null,"currentConsumption":230.4624819615},{"date":"25-04-2024","holiday":null,"currentConsumption":248.2542448212},{"date":"26-04-2024","holiday":null,"currentConsumption":232.0051791619},{"date":"27-04-2024","holiday":null,"currentConsumption":266.9319707952},{"date":"28-04-2024","holiday":null,"currentConsumption":243.7072890487},{"date":"29-04-2024","holiday":null,"currentConsumption":224.4919908507},{"date":"30-04-2024","holiday":null,"currentConsumption":252.657794977},{"date":"01-05-2024","holiday":"May Day","currentConsumption":228.3664986608},{"date":"02-05-2024","holiday":null,"currentConsumption":250.8523746877},{"date":"03-05-2024","holiday":null,"currentConsumption":245.2971363739},{"date":"04-05-2024","holiday":null,"currentConsumption":257.9329273621},{"date":"05-05-2024","holiday":null,"currentConsumption":241.3095486246},{"date":"06-05-2024","holiday":null,"currentConsumption":256.6863630688},{"date":"07-05-2024","holiday":null,"currentConsumption":249.6017853877},{"date":"08-05-2024","holiday":"Birthday of Ravindranath","currentConsumption":266.2318332963},{"date":"09-05-2024","holiday":null,"currentConsumption":240.4874879947},{"date":"10-05-2024","holiday":null,"currentConsumption":242.5514587849},{"date":"11-05-2024","holiday":null,"currentConsumption":272.5262320657},{"date":"12-05-2024","holiday":"Mother's Day","currentConsumption":252.9428547759},{"date":"13-05-2024","holiday":null,"currentConsumption":285.2562799958},{"date":"14-05-2024","holiday":null,"currentConsumption":281.6579133581},{"date":"15-05-2024","holiday":null,"currentConsumption":277.9059524729},{"date":"16-05-2024","holiday":null,"currentConsumption":280.5672594358},{"date":"17-05-2024","holiday":null,"currentConsumption":272.03924836},{"date":"18-05-2024","holiday":null,"currentConsumption":244.0798888561},{"date":"19-05-2024","holiday":null,"currentConsumption":230.3619890467},{"date":"20-05-2024","holiday":null,"currentConsumption":283.8572589832},{"date":"21-05-2024","holiday":null,"currentConsumption":220.9260129697},{"date":"22-05-2024","holiday":null,"currentConsumption":257.5860327672},{"date":"23-05-2024","holiday":"Buddha Purnima\/Vesak","currentConsumption":261.9243313747},{"date":"24-05-2024","holiday":null,"currentConsumption":273.2246708066},{"date":"25-05-2024","holiday":null,"currentConsumption":232.137578412},{"date":"26-05-2024","holiday":null,"currentConsumption":272.6324869698},{"date":"27-05-2024","holiday":null,"currentConsumption":254.4227122815},{"date":"28-05-2024","holiday":null,"currentConsumption":276.5941270728},{"date":"29-05-2024","holiday":null,"currentConsumption":260.8355496376},{"date":"30-05-2024","holiday":null,"currentConsumption":263.9715142386},{"date":"31-05-2024","holiday":null,"currentConsumption":257.1218325877},{"date":"01-06-2024","holiday":null,"currentConsumption":261.4387474924},{"date":"02-06-2024","holiday":null,"currentConsumption":261.7008486712},{"date":"03-06-2024","holiday":null,"currentConsumption":245.425106488},{"date":"04-06-2024","holiday":null,"currentConsumption":285.8300063594},{"date":"05-06-2024","holiday":null,"currentConsumption":263.1706937068},{"date":"06-06-2024","holiday":null,"currentConsumption":281.7053361005},{"date":"07-06-2024","holiday":null,"currentConsumption":228.8121183791},{"date":"08-06-2024","holiday":null,"currentConsumption":254.8060934716},{"date":"09-06-2024","holiday":null,"currentConsumption":255.2925956964},{"date":"10-06-2024","holiday":null,"currentConsumption":259.7238554986},{"date":"11-06-2024","holiday":null,"currentConsumption":229.6861912542},{"date":"12-06-2024","holiday":null,"currentConsumption":240.6011743427},{"date":"13-06-2024","holiday":null,"currentConsumption":246.5955886666},{"date":"14-06-2024","holiday":null,"currentConsumption":241.1322467198},{"date":"15-06-2024","holiday":null,"currentConsumption":254.5462353287},{"date":"16-06-2024","holiday":"Father's Day","currentConsumption":266.4305272319},{"date":"17-06-2024","holiday":null,"currentConsumption":248.895471182},{"date":"18-06-2024","holiday":null,"currentConsumption":275.6849594801},{"date":"19-06-2024","holiday":null,"currentConsumption":223.8928758189},{"date":"20-06-2024","holiday":null,"currentConsumption":259.4173914474},{"date":"21-06-2024","holiday":"June Solstice","currentConsumption":220.7306335349},{"date":"22-06-2024","holiday":null,"currentConsumption":253.7427177396},{"date":"23-06-2024","holiday":null,"currentConsumption":222.8270957035},{"date":"24-06-2024","holiday":null,"currentConsumption":256.9324573065},{"date":"25-06-2024","holiday":null,"currentConsumption":252.0691098332},{"date":"26-06-2024","holiday":null,"currentConsumption":284.4412383051},{"date":"27-06-2024","holiday":null,"currentConsumption":252.275571415},{"date":"28-06-2024","holiday":null,"currentConsumption":274.1469799519},{"date":"29-06-2024","holiday":null,"currentConsumption":248.5831746731},{"date":"30-06-2024","holiday":null,"currentConsumption":220.5318423884},{"date":"01-07-2024","holiday":null,"currentConsumption":274.3855700917},{"date":"02-07-2024","holiday":null,"currentConsumption":244.7808942377},{"date":"03-07-2024","holiday":null,"currentConsumption":266.5363354558},{"date":"04-07-2024","holiday":null,"currentConsumption":227.7405921671},{"date":"05-07-2024","holiday":null,"currentConsumption":245.1181004509},{"date":"06-07-2024","holiday":null,"currentConsumption":259.1276586001},{"date":"07-07-2024","holiday":"Rath Yatra","currentConsumption":240.1227690176},{"date":"08-07-2024","holiday":null,"currentConsumption":250.4254082013},{"date":"09-07-2024","holiday":null,"currentConsumption":266.9949516836},{"date":"10-07-2024","holiday":null,"currentConsumption":239.2506416879},{"date":"11-07-2024","holiday":null,"currentConsumption":274.7490678455},{"date":"12-07-2024","holiday":null,"currentConsumption":260.9947603193},{"date":"13-07-2024","holiday":null,"currentConsumption":282.1424290036},{"date":"14-07-2024","holiday":null,"currentConsumption":266.8618585462},{"date":"15-07-2024","holiday":null,"currentConsumption":254.0671838681},{"date":"16-07-2024","holiday":null,"currentConsumption":270.5162328037},{"date":"17-07-2024","holiday":null,"currentConsumption":266.7560501769},{"date":"18-07-2024","holiday":null,"currentConsumption":281.0065165986},{"date":"19-07-2024","holiday":null,"currentConsumption":265.4374694086},{"date":"20-07-2024","holiday":null,"currentConsumption":265.5205937456},{"date":"21-07-2024","holiday":"Guru Purnima","currentConsumption":281.2590096128},{"date":"22-07-2024","holiday":null,"currentConsumption":232.4404856956},{"date":"23-07-2024","holiday":null,"currentConsumption":236.6093833743},{"date":"24-07-2024","holiday":null,"currentConsumption":248.7923321018},{"date":"25-07-2024","holiday":null,"currentConsumption":278.4776972803},{"date":"26-07-2024","holiday":null,"currentConsumption":276.7549967597},{"date":"27-07-2024","holiday":null,"currentConsumption":243.2173274782},{"date":"28-07-2024","holiday":null,"currentConsumption":266.4436034228},{"date":"29-07-2024","holiday":null,"currentConsumption":230.0547805912},{"date":"30-07-2024","holiday":null,"currentConsumption":245.5191642432},{"date":"31-07-2024","holiday":null,"currentConsumption":236.6187201274},{"date":"01-08-2024","holiday":null,"currentConsumption":267.5759565545},{"date":"02-08-2024","holiday":null,"currentConsumption":242.0863907578},{"date":"03-08-2024","holiday":null,"currentConsumption":228.8470992048},{"date":"04-08-2024","holiday":null,"currentConsumption":223.4688385125},{"date":"05-08-2024","holiday":null,"currentConsumption":260.0054110196},{"date":"06-08-2024","holiday":null,"currentConsumption":248.7554351728},{"date":"07-08-2024","holiday":"Friendship Day","currentConsumption":248.7467276992},{"date":"08-08-2024","holiday":null,"currentConsumption":278.0904237911},{"date":"09-08-2024","holiday":null,"currentConsumption":246.009083882},{"date":"10-08-2024","holiday":null,"currentConsumption":263.5683942409},{"date":"11-08-2024","holiday":null,"currentConsumption":244.83001732},{"date":"12-08-2024","holiday":null,"currentConsumption":249.1867690544},{"date":"13-08-2024","holiday":null,"currentConsumption":273.3942906682},{"date":"14-08-2024","holiday":null,"currentConsumption":260.0444939616},{"date":"15-08-2024","holiday":"Parsi New Year","currentConsumption":250.6252191015},{"date":"16-08-2024","holiday":null,"currentConsumption":281.1058401584},{"date":"17-08-2024","holiday":null,"currentConsumption":269.482603979},{"date":"18-08-2024","holiday":null,"currentConsumption":241.3997419229},{"date":"19-08-2024","holiday":"Raksha Bandhan","currentConsumption":248.6699326441},{"date":"20-08-2024","holiday":null,"currentConsumption":278.0226163068},{"date":"21-08-2024","holiday":null,"currentConsumption":226.4428886711},{"date":"22-08-2024","holiday":null,"currentConsumption":242.2695026179},{"date":"23-08-2024","holiday":null,"currentConsumption":253.5326116575},{"date":"24-08-2024","holiday":null,"currentConsumption":260.2071194274},{"date":"25-08-2024","holiday":null,"currentConsumption":272.6035447823},{"date":"26-08-2024","holiday":"Janmashtami","currentConsumption":261.1310993475},{"date":"27-08-2024","holiday":null,"currentConsumption":233.5683362195},{"date":"28-08-2024","holiday":null,"currentConsumption":247.242832131},{"date":"29-08-2024","holiday":null,"currentConsumption":224.6376350578},{"date":"30-08-2024","holiday":null,"currentConsumption":221.1108147611},{"date":"31-08-2024","holiday":null,"currentConsumption":265.9145613706},{"date":"01-09-2024","holiday":null,"currentConsumption":237.3891199439},{"date":"02-09-2024","holiday":null,"currentConsumption":279.3587695282},{"date":"03-09-2024","holiday":"First Day of Sharad Navratri","currentConsumption":225.575972695},{"date":"04-09-2024","holiday":null,"currentConsumption":240.9077428092},{"date":"05-09-2024","holiday":null,"currentConsumption":224.9182021562},{"date":"06-09-2024","holiday":null,"currentConsumption":274.5904479035},{"date":"07-09-2024","holiday":"Ganesh Chaturthi","currentConsumption":247.1116196972},{"date":"08-09-2024","holiday":null,"currentConsumption":232.929544147},{"date":"09-09-2024","holiday":null,"currentConsumption":256.021218038},{"date":"10-09-2024","holiday":null,"currentConsumption":261.7292837592},{"date":"11-09-2024","holiday":null,"currentConsumption":242.9129282744},{"date":"12-09-2024","holiday":null,"currentConsumption":220.7462180907},{"date":"13-09-2024","holiday":null,"currentConsumption":258.9778883703},{"date":"14-09-2024","holiday":null,"currentConsumption":276.0980195122},{"date":"15-09-2024","holiday":"Onam","currentConsumption":239.9385406784},{"date":"16-09-2024","holiday":null,"currentConsumption":259.1258086964},{"date":"17-09-2024","holiday":null,"currentConsumption":286.0063471304},{"date":"18-09-2024","holiday":null,"currentConsumption":243.7040093902},{"date":"19-09-2024","holiday":null,"currentConsumption":264.5896836954},{"date":"20-09-2024","holiday":null,"currentConsumption":284.199907905},{"date":"21-09-2024","holiday":null,"currentConsumption":268.8974672028},{"date":"22-09-2024","holiday":"September Equinox","currentConsumption":264.956749286},{"date":"23-09-2024","holiday":null,"currentConsumption":258.8119950858},{"date":"24-09-2024","holiday":null,"currentConsumption":233.3923354908},{"date":"25-09-2024","holiday":null,"currentConsumption":280.9588347448},{"date":"26-09-2024","holiday":null,"currentConsumption":270.5291165957},{"date":"27-09-2024","holiday":null,"currentConsumption":252.9863119538},{"date":"28-09-2024","holiday":null,"currentConsumption":278.9699684714},{"date":"29-09-2024","holiday":null,"currentConsumption":284.6352541713},{"date":"30-09-2024","holiday":null,"currentConsumption":267.2773695365},{"date":"01-10-2024","holiday":null,"currentConsumption":278.4544875027},{"date":"02-10-2024","holiday":"Mahatma Gandhi Jayanti","currentConsumption":277.3352519796},{"date":"03-10-2024","holiday":null,"currentConsumption":265.697194324},{"date":"04-10-2024","holiday":null,"currentConsumption":268.5758229364},{"date":"05-10-2024","holiday":null,"currentConsumption":250.3691886462},{"date":"06-10-2024","holiday":null,"currentConsumption":226.773758858},{"date":"07-10-2024","holiday":null,"currentConsumption":226.8174753757},{"date":"08-10-2024","holiday":null,"currentConsumption":279.5063006187},{"date":"09-10-2024","holiday":"First Day of Durga Puja Festivities","currentConsumption":280.9979106776},{"date":"10-10-2024","holiday":null,"currentConsumption":234.3812546904},{"date":"11-10-2024","holiday":null,"currentConsumption":276.279545981},{"date":"12-10-2024","holiday":"Dussehra","currentConsumption":245.2892589153},{"date":"13-10-2024","holiday":null,"currentConsumption":269.9483217929},{"date":"14-10-2024","holiday":null,"currentConsumption":241.96857825},{"date":"15-10-2024","holiday":null,"currentConsumption":278.0803759502},{"date":"16-10-2024","holiday":null,"currentConsumption":222.5273403049},{"date":"17-10-2024","holiday":"Maharishi Valmiki Jayanti","currentConsumption":229.9176762787},{"date":"18-10-2024","holiday":null,"currentConsumption":222.8770401998},{"date":"19-10-2024","holiday":null,"currentConsumption":280.6879410523},{"date":"20-10-2024","holiday":"Karaka Chaturthi","currentConsumption":264.7176416453},{"date":"21-10-2024","holiday":null,"currentConsumption":221.7350188015},{"date":"22-10-2024","holiday":null,"currentConsumption":269.4713678869},{"date":"23-10-2024","holiday":null,"currentConsumption":264.7692806406},{"date":"24-10-2024","holiday":null,"currentConsumption":278.2835786431},{"date":"25-10-2024","holiday":null,"currentConsumption":228.6092989963},{"date":"26-10-2024","holiday":null,"currentConsumption":246.1032483646},{"date":"27-10-2024","holiday":null,"currentConsumption":221.704662232},{"date":"28-10-2024","holiday":null,"currentConsumption":227.6206295386},{"date":"29-10-2024","holiday":null,"currentConsumption":253.8032892416},{"date":"30-10-2024","holiday":null,"currentConsumption":220.0969468454},{"date":"31-10-2024","holiday":"Naraka Chaturdasi","currentConsumption":229.9796012168},{"date":"01-11-2024","holiday":"Diwali","currentConsumption":277.3441920234},{"date":"02-11-2024","holiday":"Govardhan Puja","currentConsumption":247.8689510415},{"date":"03-11-2024","holiday":"Bhai Duj","currentConsumption":281.3450485069},{"date":"04-11-2024","holiday":null,"currentConsumption":283.3767398993},{"date":"05-11-2024","holiday":null,"currentConsumption":230.5859898327},{"date":"06-11-2024","holiday":null,"currentConsumption":254.7055629317},{"date":"07-11-2024","holiday":"Chhat Puja","currentConsumption":271.5898710815},{"date":"08-11-2024","holiday":null,"currentConsumption":241.6046764473},{"date":"09-11-2024","holiday":null,"currentConsumption":276.3516700648},{"date":"10-11-2024","holiday":null,"currentConsumption":251.0808757904},{"date":"11-11-2024","holiday":null,"currentConsumption":264.7305671391},{"date":"12-11-2024","holiday":null,"currentConsumption":223.2456366113},{"date":"13-11-2024","holiday":null,"currentConsumption":227.1439473827},{"date":"14-11-2024","holiday":null,"currentConsumption":265.6202087234},{"date":"15-11-2024","holiday":"Guru Nanak Jayanti","currentConsumption":266.334256718},{"date":"16-11-2024","holiday":null,"currentConsumption":265.4390902038},{"date":"17-11-2024","holiday":null,"currentConsumption":264.328649077},{"date":"18-11-2024","holiday":null,"currentConsumption":231.6381277113},{"date":"19-11-2024","holiday":null,"currentConsumption":222.6697925802},{"date":"20-11-2024","holiday":null,"currentConsumption":268.5477947933},{"date":"21-11-2024","holiday":null,"currentConsumption":222.8322033036},{"date":"22-11-2024","holiday":null,"currentConsumption":241.4216317791},{"date":"23-11-2024","holiday":null,"currentConsumption":270.1084948157},{"date":"24-11-2024","holiday":"Guru Tegh Bahadur's Martyrdom Day","currentConsumption":220.3746926818},{"date":"25-11-2024","holiday":null,"currentConsumption":240.155381578},{"date":"26-11-2024","holiday":null,"currentConsumption":259.3374581345},{"date":"27-11-2024","holiday":null,"currentConsumption":272.4487941461},{"date":"28-11-2024","holiday":null,"currentConsumption":262.8299712889},{"date":"29-11-2024","holiday":null,"currentConsumption":220.8180980669},{"date":"30-11-2024","holiday":null,"currentConsumption":250.3895838213},{"date":"01-12-2024","holiday":null,"currentConsumption":282.2984605399},{"date":"02-12-2024","holiday":null,"currentConsumption":275.8342676045},{"date":"03-12-2024","holiday":null,"currentConsumption":232.4152042355},{"date":"04-12-2024","holiday":null,"currentConsumption":276.7366077881},{"date":"05-12-2024","holiday":null,"currentConsumption":255.8319920245},{"date":"06-12-2024","holiday":null,"currentConsumption":237.6807321668},{"date":"07-12-2024","holiday":null,"currentConsumption":221.3912178463},{"date":"08-12-2024","holiday":null,"currentConsumption":261.3937325301},{"date":"09-12-2024","holiday":null,"currentConsumption":255.2055754363},{"date":"10-12-2024","holiday":null,"currentConsumption":226.5846863799},{"date":"11-12-2024","holiday":null,"currentConsumption":262.3656534489},{"date":"12-12-2024","holiday":null,"currentConsumption":266.2503111565},{"date":"13-12-2024","holiday":null,"currentConsumption":271.0927361427},{"date":"14-12-2024","holiday":null,"currentConsumption":256.5194978865},{"date":"15-12-2024","holiday":null,"currentConsumption":238.8691269504},{"date":"16-12-2024","holiday":null,"currentConsumption":256.5217465357},{"date":"17-12-2024","holiday":null,"currentConsumption":237.8985815123},{"date":"18-12-2024","holiday":null,"currentConsumption":232.7302051154},{"date":"19-12-2024","holiday":null,"currentConsumption":281.6673275459},{"date":"20-12-2024","holiday":null,"currentConsumption":229.9885039792},{"date":"21-12-2024","holiday":"December Solstice","currentConsumption":240.6550578094},{"date":"22-12-2024","holiday":null,"currentConsumption":247.3738032168},{"date":"23-12-2024","holiday":null,"currentConsumption":285.5841354389},{"date":"24-12-2024","holiday":"Christmas Eve","currentConsumption":259.874196278},{"date":"25-12-2024","holiday":"Christmas","currentConsumption":270.8688969335},{"date":"26-12-2024","holiday":"First Day of Hanukkah","currentConsumption":233.8327783826},{"date":"27-12-2024","holiday":null,"currentConsumption":233.3593250523},{"date":"28-12-2024","holiday":null,"currentConsumption":239.2869118431},{"date":"29-12-2024","holiday":null,"currentConsumption":252.9531865838},{"date":"30-12-2024","holiday":null,"currentConsumption":251.6404681603},{"date":"31-12-2024","holiday":"New Year's Eve","currentConsumption":277.7959232323},{"date":"01-01-2025","holiday":"New Year's Day","currentConsumption":275.3756030077},{"date":"02-01-2025","holiday":null,"currentConsumption":233.6982443154},{"date":"03-01-2025","holiday":null,"currentConsumption":274.016155182},{"date":"04-01-2025","holiday":null,"currentConsumption":252.0645201325},{"date":"05-01-2025","holiday":null,"currentConsumption":244.8975438001},{"date":"06-01-2025","holiday":null,"currentConsumption":284.8232047178},{"date":"07-01-2025","holiday":null,"currentConsumption":265.9924406602},{"date":"08-01-2025","holiday":null,"currentConsumption":224.3647469982},{"date":"09-01-2025","holiday":null,"currentConsumption":281.1356602291},{"date":"10-01-2025","holiday":null,"currentConsumption":232.607647486},{"date":"11-01-2025","holiday":null,"currentConsumption":222.3001885952},{"date":"12-01-2025","holiday":null,"currentConsumption":221.5721700324},{"date":"13-01-2025","holiday":null,"currentConsumption":269.1614547723},{"date":"14-01-2025","holiday":"Lohri","currentConsumption":225.2110715947},{"date":"15-01-2025","holiday":"Makar Sankranti","currentConsumption":223.7063108689},{"date":"16-01-2025","holiday":null,"currentConsumption":231.494563476},{"date":"17-01-2025","holiday":"Guru Govind Singh Jayanti","currentConsumption":268.0438605299},{"date":"18-01-2025","holiday":null,"currentConsumption":258.3778471992},{"date":"19-01-2025","holiday":null,"currentConsumption":237.6784537014},{"date":"20-01-2025","holiday":null,"currentConsumption":230.814841222},{"date":"21-01-2025","holiday":null,"currentConsumption":236.3632334731},{"date":"22-01-2025","holiday":null,"currentConsumption":284.3360807858},{"date":"23-01-2025","holiday":null,"currentConsumption":239.1735873052},{"date":"24-01-2025","holiday":"Hazarat Ali's Birthday","currentConsumption":233.9088292102},{"date":"25-01-2025","holiday":null,"currentConsumption":271.4912060427},{"date":"26-01-2025","holiday":"Republic Day","currentConsumption":271.1172132342},{"date":"27-01-2025","holiday":null,"currentConsumption":273.8060681819},{"date":"28-01-2025","holiday":null,"currentConsumption":221.3648503785},{"date":"29-01-2025","holiday":null,"currentConsumption":258.5019649096},{"date":"30-01-2025","holiday":null,"currentConsumption":276.5162846427},{"date":"31-01-2025","holiday":null,"currentConsumption":239.3724162052},{"date":"01-02-2025","holiday":null,"currentConsumption":270.8265242601},{"date":"02-02-2025","holiday":null,"currentConsumption":232.5230268738},{"date":"03-02-2025","holiday":null,"currentConsumption":278.1399281868},{"date":"04-02-2025","holiday":null,"currentConsumption":235.2704458254},{"date":"05-02-2025","holiday":null,"currentConsumption":254.2150626544},{"date":"06-02-2025","holiday":null,"currentConsumption":263.4589170095},{"date":"07-02-2025","holiday":null,"currentConsumption":268.6987316002},{"date":"08-02-2025","holiday":"Maha Shivaratri\/Shivaratri","currentConsumption":248.779873655},{"date":"09-02-2025","holiday":null,"currentConsumption":238.3928545101},{"date":"10-02-2025","holiday":"Chinese New Year","currentConsumption":256.8162883659},{"date":"11-02-2025","holiday":null,"currentConsumption":269.1181720408},{"date":"12-02-2025","holiday":null,"currentConsumption":230.4670925411},{"date":"13-02-2025","holiday":null,"currentConsumption":256.6577295675},{"date":"14-02-2025","holiday":"Valentine's Day","currentConsumption":239.9603754782},{"date":"15-02-2025","holiday":null,"currentConsumption":254.2419988107},{"date":"16-02-2025","holiday":null,"currentConsumption":221.7466168766},{"date":"17-02-2025","holiday":null,"currentConsumption":257.3792266936},{"date":"18-02-2025","holiday":null,"currentConsumption":255.8806222482},{"date":"19-02-2025","holiday":"Shivaji Jayanti","currentConsumption":264.2430544831},{"date":"20-02-2025","holiday":null,"currentConsumption":283.6039188079},{"date":"21-02-2025","holiday":null,"currentConsumption":247.8351316654},{"date":"22-02-2025","holiday":null,"currentConsumption":280.5425985598},{"date":"23-02-2025","holiday":null,"currentConsumption":271.2637993186},{"date":"24-02-2025","holiday":"Guru Ravidas Jayanti","currentConsumption":281.6554171637},{"date":"25-02-2025","holiday":null,"currentConsumption":271.3723179882},{"date":"26-02-2025","holiday":null,"currentConsumption":265.3840379917},{"date":"27-02-2025","holiday":null,"currentConsumption":221.2554796891},{"date":"28-02-2025","holiday":null,"currentConsumption":223.4372553753},{"date":"01-03-2025","holiday":null,"currentConsumption":280.3158521623},{"date":"02-03-2025","holiday":null,"currentConsumption":269.5848331422},{"date":"03-03-2025","holiday":null,"currentConsumption":279.4251617982},{"date":"04-03-2025","holiday":null,"currentConsumption":252.0474537498},{"date":"05-03-2025","holiday":"Maharishi Dayanand Saraswati Jayanti","currentConsumption":248.5921631441},{"date":"06-03-2025","holiday":null,"currentConsumption":230.9885521551},{"date":"07-03-2025","holiday":null,"currentConsumption":223.7130230795},{"date":"08-03-2025","holiday":null,"currentConsumption":257.4966357334},{"date":"09-03-2025","holiday":null,"currentConsumption":239.8896882023},{"date":"10-03-2025","holiday":null,"currentConsumption":247.7994068946},{"date":"11-03-2025","holiday":null,"currentConsumption":282.1321132994},{"date":"12-03-2025","holiday":null,"currentConsumption":269.7616745438},{"date":"13-03-2025","holiday":null,"currentConsumption":222.9475056634},{"date":"14-03-2025","holiday":null,"currentConsumption":245.6309995815},{"date":"15-03-2025","holiday":null,"currentConsumption":229.7527936698},{"date":"16-03-2025","holiday":null,"currentConsumption":225.0617146357},{"date":"17-03-2025","holiday":null,"currentConsumption":284.3912021182},{"date":"18-03-2025","holiday":null,"currentConsumption":248.3980773242},{"date":"19-03-2025","holiday":null,"currentConsumption":274.8149178847},{"date":"20-03-2025","holiday":"March Equinox","currentConsumption":245.2854837188},{"date":"21-03-2025","holiday":null,"currentConsumption":232.2106900118},{"date":"22-03-2025","holiday":null,"currentConsumption":220.1845182802},{"date":"23-03-2025","holiday":null,"currentConsumption":251.4282429123},{"date":"24-03-2025","holiday":"Holika Dahana","currentConsumption":276.8213589658},{"date":"25-03-2025","holiday":"Dolyatra","currentConsumption":251.9460230279},{"date":"26-03-2025","holiday":null,"currentConsumption":264.4774755533},{"date":"27-03-2025","holiday":null,"currentConsumption":220.0986605813},{"date":"28-03-2025","holiday":"Maundy Thursday","currentConsumption":241.5362634402},{"date":"29-03-2025","holiday":"Good Friday","currentConsumption":221.3107431335},{"date":"30-03-2025","holiday":null,"currentConsumption":222.6802885145},{"date":"31-03-2025","holiday":"Easter Day","currentConsumption":254.5393163782},{"date":"01-04-2025","holiday":null,"currentConsumption":285.0345500271},{"date":"02-04-2025","holiday":null,"currentConsumption":235.6177766356},{"date":"03-04-2025","holiday":null,"currentConsumption":229.9943761866},{"date":"04-04-2025","holiday":null,"currentConsumption":250.0814105507},{"date":"05-04-2025","holiday":"Jamat Ul-Vida","currentConsumption":267.5220219839},{"date":"06-04-2025","holiday":null,"currentConsumption":252.5570424694},{"date":"07-04-2025","holiday":null,"currentConsumption":227.7933367977},{"date":"08-04-2025","holiday":null,"currentConsumption":282.0753092892},{"date":"09-04-2025","holiday":"Gudi Padwa","currentConsumption":250.260329961},{"date":"10-04-2025","holiday":"Ramzan Id\/Eid-ul-Fitar","currentConsumption":275.8517672368},{"date":"11-04-2025","holiday":null,"currentConsumption":282.0557516958},{"date":"12-04-2025","holiday":null,"currentConsumption":230.6780698236},{"date":"13-04-2025","holiday":"Vaisakhi","currentConsumption":257.805973962},{"date":"14-04-2025","holiday":"Ambedkar Jayanti","currentConsumption":222.6078287927},{"date":"15-04-2025","holiday":null,"currentConsumption":267.0905616836},{"date":"16-04-2025","holiday":null,"currentConsumption":258.0372390865},{"date":"17-04-2025","holiday":"Rama Navami","currentConsumption":256.9562315777},{"date":"18-04-2025","holiday":null,"currentConsumption":226.2890755459},{"date":"19-04-2025","holiday":null,"currentConsumption":254.268656248},{"date":"20-04-2025","holiday":null,"currentConsumption":276.3374371062},{"date":"21-04-2025","holiday":"Mahavir Jayanti","currentConsumption":276.1194905588},{"date":"22-04-2025","holiday":null,"currentConsumption":277.6318742108},{"date":"23-04-2025","holiday":"First day of Passover","currentConsumption":249.4509184809},{"date":"24-04-2025","holiday":null,"currentConsumption":249.5465614781},{"date":"25-04-2025","holiday":null,"currentConsumption":231.741820647},{"date":"26-04-2025","holiday":null,"currentConsumption":234.250226941},{"date":"27-04-2025","holiday":null,"currentConsumption":278.0185996653},{"date":"28-04-2025","holiday":null,"currentConsumption":230.2122260808},{"date":"29-04-2025","holiday":null,"currentConsumption":241.667962022},{"date":"30-04-2025","holiday":null,"currentConsumption":225.4422764145},{"date":"01-05-2025","holiday":"May Day","currentConsumption":232.0350455251},{"date":"02-05-2025","holiday":null,"currentConsumption":283.8234494214},{"date":"03-05-2025","holiday":null,"currentConsumption":279.4205357522},{"date":"04-05-2025","holiday":null,"currentConsumption":227.6029261195},{"date":"05-05-2025","holiday":null,"currentConsumption":268.5387817502},{"date":"06-05-2025","holiday":null,"currentConsumption":255.3604604003},{"date":"07-05-2025","holiday":null,"currentConsumption":262.1337866991},{"date":"08-05-2025","holiday":"Birthday of Ravindranath","currentConsumption":283.3345137152},{"date":"09-05-2025","holiday":null,"currentConsumption":236.3502330975},{"date":"10-05-2025","holiday":null,"currentConsumption":286.4410421864},{"date":"11-05-2025","holiday":null,"currentConsumption":226.2118340984},{"date":"12-05-2025","holiday":"Mother's Day","currentConsumption":232.814965349},{"date":"13-05-2025","holiday":null,"currentConsumption":267.7363110049},{"date":"14-05-2025","holiday":null,"currentConsumption":249.4861290691},{"date":"15-05-2025","holiday":null,"currentConsumption":270.0334893711},{"date":"16-05-2025","holiday":null,"currentConsumption":249.784842255},{"date":"17-05-2025","holiday":null,"currentConsumption":254.5364346458},{"date":"18-05-2025","holiday":null,"currentConsumption":250.2661931995},{"date":"19-05-2025","holiday":null,"currentConsumption":235.2171812448},{"date":"20-05-2025","holiday":null,"currentConsumption":274.4139083521},{"date":"21-05-2025","holiday":null,"currentConsumption":228.9012672141},{"date":"22-05-2025","holiday":null,"currentConsumption":268.9396557594},{"date":"23-05-2025","holiday":"Buddha Purnima\/Vesak","currentConsumption":238.1769287752},{"date":"24-05-2025","holiday":null,"currentConsumption":226.3643422416},{"date":"25-05-2025","holiday":null,"currentConsumption":231.0040303819},{"date":"26-05-2025","holiday":null,"currentConsumption":231.8208533795},{"date":"27-05-2025","holiday":null,"currentConsumption":258.4060138829},{"date":"28-05-2025","holiday":null,"currentConsumption":259.6571260701},{"date":"29-05-2025","holiday":null,"currentConsumption":239.1953387148},{"date":"30-05-2025","holiday":null,"currentConsumption":237.8033395531},{"date":"31-05-2025","holiday":null,"currentConsumption":274.3218695529},{"date":"01-06-2025","holiday":null,"currentConsumption":237.5118238953},{"date":"02-06-2025","holiday":null,"currentConsumption":223.720209181},{"date":"03-06-2025","holiday":null,"currentConsumption":265.7214871014},{"date":"04-06-2025","holiday":null,"currentConsumption":254.8234266657},{"date":"05-06-2025","holiday":null,"currentConsumption":273.5167730432},{"date":"06-06-2025","holiday":null,"currentConsumption":228.0701237873},{"date":"07-06-2025","holiday":null,"currentConsumption":258.3751915713},{"date":"08-06-2025","holiday":null,"currentConsumption":241.0690198361},{"date":"09-06-2025","holiday":null,"currentConsumption":222.9851398233},{"date":"10-06-2025","holiday":null,"currentConsumption":276.7187369869},{"date":"11-06-2025","holiday":null,"currentConsumption":237.1748909215},{"date":"12-06-2025","holiday":null,"currentConsumption":235.7021444812},{"date":"13-06-2025","holiday":null,"currentConsumption":263.6488377094},{"date":"14-06-2025","holiday":null,"currentConsumption":244.5956297712},{"date":"15-06-2025","holiday":null,"currentConsumption":275.8641070589},{"date":"16-06-2025","holiday":"Father's Day","currentConsumption":222.3323165745},{"date":"17-06-2025","holiday":null,"currentConsumption":262.7087746292},{"date":"18-06-2025","holiday":null,"currentConsumption":253.5477850981},{"date":"19-06-2025","holiday":null,"currentConsumption":249.6036332616},{"date":"20-06-2025","holiday":null,"currentConsumption":230.9230090472},{"date":"21-06-2025","holiday":"June Solstice","currentConsumption":265.8204285003},{"date":"22-06-2025","holiday":null,"currentConsumption":285.6742358609},{"date":"23-06-2025","holiday":null,"currentConsumption":266.9260978793},{"date":"24-06-2025","holiday":null,"currentConsumption":254.7975798256},{"date":"25-06-2025","holiday":null,"currentConsumption":227.60644803},{"date":"26-06-2025","holiday":null,"currentConsumption":286.9262151166},{"date":"27-06-2025","holiday":null,"currentConsumption":234.8337738772},{"date":"28-06-2025","holiday":null,"currentConsumption":233.425531872},{"date":"29-06-2025","holiday":null,"currentConsumption":260.2232361456},{"date":"30-06-2025","holiday":null,"currentConsumption":228.5917849359},{"date":"01-07-2025","holiday":null,"currentConsumption":227.7087051574},{"date":"02-07-2025","holiday":null,"currentConsumption":280.0087813766},{"date":"03-07-2025","holiday":null,"currentConsumption":270.6422160533},{"date":"04-07-2025","holiday":null,"currentConsumption":284.5131897722},{"date":"05-07-2025","holiday":null,"currentConsumption":262.6653885492},{"date":"06-07-2025","holiday":null,"currentConsumption":280.2073526301},{"date":"07-07-2025","holiday":"Rath Yatra","currentConsumption":260.0504523045},{"date":"08-07-2025","holiday":null,"currentConsumption":275.48665594},{"date":"09-07-2025","holiday":null,"currentConsumption":269.9365909622},{"date":"10-07-2025","holiday":null,"currentConsumption":234.0563152609},{"date":"11-07-2025","holiday":null,"currentConsumption":222.3762520409},{"date":"12-07-2025","holiday":null,"currentConsumption":275.7416520569},{"date":"13-07-2025","holiday":null,"currentConsumption":226.293141157},{"date":"14-07-2025","holiday":null,"currentConsumption":261.9214998071},{"date":"15-07-2025","holiday":null,"currentConsumption":252.4990534256},{"date":"16-07-2025","holiday":null,"currentConsumption":222.3732810511},{"date":"17-07-2025","holiday":null,"currentConsumption":220.8304346576},{"date":"18-07-2025","holiday":null,"currentConsumption":258.0402152669},{"date":"19-07-2025","holiday":null,"currentConsumption":243.6630239156},{"date":"20-07-2025","holiday":null,"currentConsumption":245.0757826275},{"date":"21-07-2025","holiday":"Guru Purnima","currentConsumption":220.1230241711},{"date":"22-07-2025","holiday":null,"currentConsumption":224.3685011683},{"date":"23-07-2025","holiday":null,"currentConsumption":276.711566937},{"date":"24-07-2025","holiday":null,"currentConsumption":264.7638756505},{"date":"25-07-2025","holiday":null,"currentConsumption":247.4708289452},{"date":"26-07-2025","holiday":null,"currentConsumption":280.6265293069},{"date":"27-07-2025","holiday":null,"currentConsumption":255.2988621643},{"date":"28-07-2025","holiday":null,"currentConsumption":270.2262972687},{"date":"29-07-2025","holiday":null,"currentConsumption":284.9298381196},{"date":"30-07-2025","holiday":null,"currentConsumption":224.5007339255},{"date":"31-07-2025","holiday":null,"currentConsumption":256.0062058434},{"date":"01-08-2025","holiday":null,"currentConsumption":260.7366500713},{"date":"02-08-2025","holiday":null,"currentConsumption":241.2092526877},{"date":"03-08-2025","holiday":null,"currentConsumption":273.2539146868},{"date":"04-08-2025","holiday":null,"currentConsumption":240.0944906024},{"date":"05-08-2025","holiday":null,"currentConsumption":241.8922272057},{"date":"06-08-2025","holiday":null,"currentConsumption":260.3320422453},{"date":"07-08-2025","holiday":"Friendship Day","currentConsumption":238.4429610549},{"date":"08-08-2025","holiday":null,"currentConsumption":276.9939610934},{"date":"09-08-2025","holiday":null,"currentConsumption":279.6639977463},{"date":"10-08-2025","holiday":null,"currentConsumption":285.1351953772},{"date":"11-08-2025","holiday":null,"currentConsumption":257.5912314829},{"date":"12-08-2025","holiday":null,"currentConsumption":232.1006475072},{"date":"13-08-2025","holiday":null,"currentConsumption":234.9426742681},{"date":"14-08-2025","holiday":null,"currentConsumption":269.9790786116},{"date":"15-08-2025","holiday":"Parsi New Year","currentConsumption":249.1201519661},{"date":"16-08-2025","holiday":null,"currentConsumption":256.7668791921},{"date":"17-08-2025","holiday":null,"currentConsumption":236.6750333761},{"date":"18-08-2025","holiday":null,"currentConsumption":224.5122645931},{"date":"19-08-2025","holiday":"Raksha Bandhan","currentConsumption":273.5396125197},{"date":"20-08-2025","holiday":null,"currentConsumption":274.6830107251},{"date":"21-08-2025","holiday":null,"currentConsumption":240.6276156288},{"date":"22-08-2025","holiday":null,"currentConsumption":267.6031913691},{"date":"23-08-2025","holiday":null,"currentConsumption":273.5912321493},{"date":"24-08-2025","holiday":null,"currentConsumption":244.5543865778},{"date":"25-08-2025","holiday":null,"currentConsumption":260.6255204544},{"date":"26-08-2025","holiday":"Janmashtami","currentConsumption":226.5606121493},{"date":"27-08-2025","holiday":null,"currentConsumption":276.657809099},{"date":"28-08-2025","holiday":null,"currentConsumption":220.0034225777},{"date":"29-08-2025","holiday":null,"currentConsumption":280.2379682488},{"date":"30-08-2025","holiday":null,"currentConsumption":238.7576813454},{"date":"31-08-2025","holiday":null,"currentConsumption":228.9741692819},{"date":"01-09-2025","holiday":null,"currentConsumption":264.5499362288},{"date":"02-09-2025","holiday":null,"currentConsumption":240.2362544689},{"date":"03-09-2025","holiday":"First Day of Sharad Navratri","currentConsumption":250.5231019101},{"date":"04-09-2025","holiday":null,"currentConsumption":255.1124940598},{"date":"05-09-2025","holiday":null,"currentConsumption":238.0687639622},{"date":"06-09-2025","holiday":null,"currentConsumption":237.9208669368},{"date":"07-09-2025","holiday":"Ganesh Chaturthi","currentConsumption":278.5015939655},{"date":"08-09-2025","holiday":null,"currentConsumption":272.1243802913},{"date":"09-09-2025","holiday":null,"currentConsumption":231.9102179281},{"date":"10-09-2025","holiday":null,"currentConsumption":237.4263865708},{"date":"11-09-2025","holiday":null,"currentConsumption":254.4581691409},{"date":"12-09-2025","holiday":null,"currentConsumption":276.5727427161},{"date":"13-09-2025","holiday":null,"currentConsumption":279.1302772138},{"date":"14-09-2025","holiday":null,"currentConsumption":237.0354484981},{"date":"15-09-2025","holiday":"Onam","currentConsumption":250.3958948133},{"date":"16-09-2025","holiday":null,"currentConsumption":275.3527276318},{"date":"17-09-2025","holiday":null,"currentConsumption":252.3409905517},{"date":"18-09-2025","holiday":null,"currentConsumption":281.2090660969},{"date":"19-09-2025","holiday":null,"currentConsumption":230.0068456456},{"date":"20-09-2025","holiday":null,"currentConsumption":274.526284468},{"date":"21-09-2025","holiday":null,"currentConsumption":259.5923988071},{"date":"22-09-2025","holiday":"September Equinox","currentConsumption":257.4643746541},{"date":"23-09-2025","holiday":null,"currentConsumption":236.0868974457},{"date":"24-09-2025","holiday":null,"currentConsumption":271.481552579},{"date":"25-09-2025","holiday":null,"currentConsumption":243.4025382903},{"date":"26-09-2025","holiday":null,"currentConsumption":281.126810377},{"date":"27-09-2025","holiday":null,"currentConsumption":286.1725432685},{"date":"28-09-2025","holiday":null,"currentConsumption":246.4529072767},{"date":"29-09-2025","holiday":null,"currentConsumption":239.4441177132},{"date":"30-09-2025","holiday":null,"currentConsumption":231.0265264808},{"date":"01-10-2025","holiday":null,"currentConsumption":225.3365321758},{"date":"02-10-2025","holiday":"Mahatma Gandhi Jayanti","currentConsumption":278.2304712911},{"date":"03-10-2025","holiday":null,"currentConsumption":234.3672096479},{"date":"04-10-2025","holiday":null,"currentConsumption":221.327718737},{"date":"05-10-2025","holiday":null,"currentConsumption":230.034735051},{"date":"06-10-2025","holiday":null,"currentConsumption":243.8244620961},{"date":"07-10-2025","holiday":null,"currentConsumption":237.7223872097},{"date":"08-10-2025","holiday":null,"currentConsumption":261.8954057446},{"date":"09-10-2025","holiday":"First Day of Durga Puja Festivities","currentConsumption":258.8048050496},{"date":"10-10-2025","holiday":null,"currentConsumption":248.401722404},{"date":"11-10-2025","holiday":null,"currentConsumption":234.9781413159},{"date":"12-10-2025","holiday":"Dussehra","currentConsumption":285.3498471803},{"date":"13-10-2025","holiday":null,"currentConsumption":227.3638529604},{"date":"14-10-2025","holiday":null,"currentConsumption":255.9909268695},{"date":"15-10-2025","holiday":null,"currentConsumption":228.9551412158},{"date":"16-10-2025","holiday":null,"currentConsumption":226.3336886022},{"date":"17-10-2025","holiday":"Maharishi Valmiki Jayanti","currentConsumption":280.1748323473},{"date":"18-10-2025","holiday":null,"currentConsumption":236.8890666348},{"date":"19-10-2025","holiday":null,"currentConsumption":250.3479820291},{"date":"20-10-2025","holiday":"Karaka Chaturthi","currentConsumption":272.4419067323},{"date":"21-10-2025","holiday":null,"currentConsumption":269.7358636052},{"date":"22-10-2025","holiday":null,"currentConsumption":250.7120997701},{"date":"23-10-2025","holiday":null,"currentConsumption":220.1915500012},{"date":"24-10-2025","holiday":null,"currentConsumption":261.5050976735},{"date":"25-10-2025","holiday":null,"currentConsumption":233.9831341528},{"date":"26-10-2025","holiday":null,"currentConsumption":282.8495418731},{"date":"27-10-2025","holiday":null,"currentConsumption":224.2075887838},{"date":"28-10-2025","holiday":null,"currentConsumption":273.7031917439},{"date":"29-10-2025","holiday":null,"currentConsumption":227.4720475735},{"date":"30-10-2025","holiday":null,"currentConsumption":270.4987580333},{"date":"31-10-2025","holiday":"Naraka Chaturdasi","currentConsumption":221.3653958098},{"date":"01-11-2025","holiday":"Diwali","currentConsumption":260.8697578415},{"date":"02-11-2025","holiday":"Govardhan Puja","currentConsumption":240.736768879},{"date":"03-11-2025","holiday":"Bhai Duj","currentConsumption":247.448255835},{"date":"04-11-2025","holiday":null,"currentConsumption":280.8984691815},{"date":"05-11-2025","holiday":null,"currentConsumption":231.2367779088},{"date":"06-11-2025","holiday":null,"currentConsumption":263.0350607482},{"date":"07-11-2025","holiday":"Chhat Puja","currentConsumption":265.9613285974},{"date":"08-11-2025","holiday":null,"currentConsumption":265.9606796652},{"date":"09-11-2025","holiday":null,"currentConsumption":240.0038008708},{"date":"10-11-2025","holiday":null,"currentConsumption":267.7181924757},{"date":"11-11-2025","holiday":null,"currentConsumption":222.3235807714},{"date":"12-11-2025","holiday":null,"currentConsumption":265.6574432947},{"date":"13-11-2025","holiday":null,"currentConsumption":246.5895118482},{"date":"14-11-2025","holiday":null,"currentConsumption":271.5683934478},{"date":"15-11-2025","holiday":"Guru Nanak Jayanti","currentConsumption":279.6080747987},{"date":"16-11-2025","holiday":null,"currentConsumption":247.6197328982},{"date":"17-11-2025","holiday":null,"currentConsumption":274.6223226691},{"date":"18-11-2025","holiday":null,"currentConsumption":283.2574479148},{"date":"19-11-2025","holiday":null,"currentConsumption":256.6352920344},{"date":"20-11-2025","holiday":null,"currentConsumption":236.0418129168},{"date":"21-11-2025","holiday":null,"currentConsumption":272.8623724828},{"date":"22-11-2025","holiday":null,"currentConsumption":247.6503279165},{"date":"23-11-2025","holiday":null,"currentConsumption":263.8152579863},{"date":"24-11-2025","holiday":"Guru Tegh Bahadur's Martyrdom Day","currentConsumption":229.6018448298},{"date":"25-11-2025","holiday":null,"currentConsumption":280.2120647021},{"date":"26-11-2025","holiday":null,"currentConsumption":228.9372848623},{"date":"27-11-2025","holiday":null,"currentConsumption":272.3806552958},{"date":"28-11-2025","holiday":null,"currentConsumption":271.4247418847},{"date":"29-11-2025","holiday":null,"currentConsumption":239.3986892029},{"date":"30-11-2025","holiday":null,"currentConsumption":249.536588256},{"date":"01-12-2025","holiday":null,"currentConsumption":228.0324178614},{"date":"02-12-2025","holiday":null,"currentConsumption":246.2080613449},{"date":"03-12-2025","holiday":null,"currentConsumption":252.3775846491},{"date":"04-12-2025","holiday":null,"currentConsumption":247.3834633171},{"date":"05-12-2025","holiday":null,"currentConsumption":285.8914454986},{"date":"06-12-2025","holiday":null,"currentConsumption":278.1089172286},{"date":"07-12-2025","holiday":null,"currentConsumption":253.4903921036},{"date":"08-12-2025","holiday":null,"currentConsumption":222.4387054324},{"date":"09-12-2025","holiday":null,"currentConsumption":274.1081085091},{"date":"10-12-2025","holiday":null,"currentConsumption":237.5991747819},{"date":"11-12-2025","holiday":null,"currentConsumption":249.725079941},{"date":"12-12-2025","holiday":null,"currentConsumption":276.200367856},{"date":"13-12-2025","holiday":null,"currentConsumption":277.2456034366},{"date":"14-12-2025","holiday":null,"currentConsumption":237.7060200674},{"date":"15-12-2025","holiday":null,"currentConsumption":250.6306107608},{"date":"16-12-2025","holiday":null,"currentConsumption":272.9233174417},{"date":"17-12-2025","holiday":null,"currentConsumption":259.3160033934},{"date":"18-12-2025","holiday":null,"currentConsumption":280.2647077472},{"date":"19-12-2025","holiday":null,"currentConsumption":252.3176404002},{"date":"20-12-2025","holiday":null,"currentConsumption":280.3053321683},{"date":"21-12-2025","holiday":"December Solstice","currentConsumption":259.5840980804},{"date":"22-12-2025","holiday":null,"currentConsumption":236.5316213155},{"date":"23-12-2025","holiday":null,"currentConsumption":224.8913157461},{"date":"24-12-2025","holiday":"Christmas Eve","currentConsumption":245.6317834709},{"date":"25-12-2025","holiday":"Christmas","currentConsumption":276.2573132057},{"date":"26-12-2025","holiday":"First Day of Hanukkah","currentConsumption":237.0704903407},{"date":"27-12-2025","holiday":null,"currentConsumption":235.4609420358},{"date":"28-12-2025","holiday":null,"currentConsumption":236.6539565047},{"date":"29-12-2025","holiday":null,"currentConsumption":283.8390098162},{"date":"30-12-2025","holiday":null,"currentConsumption":258.1933753903},{"date":"31-12-2025","holiday":"New Year's Eve","currentConsumption":275.4309827695}
    ],
    "month": [
        {
            "date": "31-01-2024",
            "holiday": "New Year and other celebrations",
            "currentConsumption": 2606
        },
        {
            "date": "29-02-2024",
            "holiday": "Valentine's Day and other events",
            "currentConsumption": 2645
        },
        {
            "date": "31-03-2024",
            "holiday": "Spring Equinox and other",
            "currentConsumption": 4203
        },
        {
            "date": "30-04-2024",
            "holiday": "Easter and other spring events",
            "currentConsumption": 4150
        },
        {
            "date": "31-05-2024",
            "holiday": "May Day and other",
            "currentConsumption": 4174
        },
        {
            "date": "30-06-2024",
            "holiday": "Start of Summer and other events",
            "currentConsumption": 9045
        },
        {
            "date": "31-07-2024",
            "holiday": "Midsummer and other events",
            "currentConsumption": 7163
        },
        {
            "date": "31-08-2024",
            "holiday": "Summer end and other events",
            "currentConsumption": 8837
        },
        {
            "date": "30-09-2024",
            "holiday": "Autumn Equinox and other",
            "currentConsumption": 3139
        },
        {
            "date": "31-10-2024",
            "holiday": "Halloween and other events",
            "currentConsumption": 3158
        },
        {
            "date": "30-11-2024",
            "holiday": "Thanksgiving and other",
            "currentConsumption": 3072
        },
        {
            "date": "31-12-2024",
            "holiday": "Christmas and other winter holidays",
            "currentConsumption": 2397
        },
        {
            "date": "31-01-2025",
            "holiday": "New Year and other celebrations",
            "currentConsumption": 3248
        },
        {
            "date": "28-02-2025",
            "holiday": "Valentine's Day and other events",
            "currentConsumption": 4156
        },
        {
            "date": "31-03-2025",
            "holiday": "Spring Equinox and other",
            "currentConsumption": 4901
        },
        {
            "date": "30-04-2025",
            "holiday": "Easter and other spring events",
            "currentConsumption": 3048
        },
        {
            "date": "31-05-2025",
            "holiday": "May Day and other",
            "currentConsumption": 3468
        },
        {
            "date": "30-06-2025",
            "holiday": "Start of Summer and other events",
            "currentConsumption": 5725
        },
        {
            "date": "31-07-2025",
            "holiday": "Midsummer and other events",
            "currentConsumption": 8536
        },
        {
            "date": "31-08-2025",
            "holiday": "Summer end and other events",
            "currentConsumption": 8016
        },
        {
            "date": "30-09-2025",
            "holiday": "Autumn Equinox and other",
            "currentConsumption": 4642
        },
        {
            "date": "31-10-2025",
            "holiday": "Halloween and other events",
            "currentConsumption": 3876
        },
        {
            "date": "30-11-2025",
            "holiday": "Thanksgiving and other",
            "currentConsumption": 3443
        },
        {
            "date": "31-12-2025",
            "holiday": "Christmas and other winter holidays",
            "currentConsumption": 4134
        }
    ],
    "year": [
            {
              "date": "31-12-2026",
              "holiday": "New Year's Eve",
              "currentConsumption": 38023
            },
            {
              "date": "31-12-2027",
              "holiday": "New Year's Eve",
              "currentConsumption": 39234
            },
            {
              "date": "31-12-2028",
              "holiday": "New Year's Eve",
              "currentConsumption": 40756
            },
            {
              "date": "31-12-2029",
              "holiday": "New Year's Eve",
              "currentConsumption": 42210
            },
            {
              "date": "31-12-2030",
              "holiday": "New Year's Eve",
              "currentConsumption": 43890
            },
            {
              "date": "31-12-2031",
              "holiday": "New Year's Eve",
              "currentConsumption": 45045
            },
            {
              "date": "31-12-2032",
              "holiday": "New Year's Eve",
              "currentConsumption": 46780
            },
            {
              "date": "31-12-2033",
              "holiday": "New Year's Eve",
              "currentConsumption": 48900
            },
            {
              "date": "31-12-2034",
              "holiday": "New Year's Eve",
              "currentConsumption": 50560
            },
            {
              "date": "31-12-2035",
              "holiday": "New Year's Eve",
              "currentConsumption": 52340
            },
            {
              "date": "31-12-2036",
              "holiday": "New Year's Eve",
              "currentConsumption": 54010
            },
            {
              "date": "31-12-2037",
              "holiday": "New Year's Eve",
              "currentConsumption": 55870
            },
            {
              "date": "31-12-2038",
              "holiday": "New Year's Eve",
              "currentConsumption": 57650
            },
            {
              "date": "31-12-2039",
              "holiday": "New Year's Eve",
              "currentConsumption": 59430
            },
            {
              "date": "31-12-2040",
              "holiday": "New Year's Eve",
              "currentConsumption": 61290
            }
    ]
}
