{
    "type": "FeatureCollection",
    "features": [
      {
        "type": "Feature",
        "properties": { "region": "TPDDL","color": "#FF0000" },
        "geometry": {
          "type": "Polygon",
          "coordinates": [
          [
            [
              76.96893831843232,
              28.699978373529646
            ],
            [
              77.17046178724007,
              28.685898529788616
            ],
            [
              77.16396617805549,
              28.672782849604914
            ],
            [
              77.1728826025506,
              28.64991770885605
            ],
            [
              77.20226934549726,
              28.65582917793806
            ],
            [
              77.18739721877591,
              28.67879045633761
            ],
            [
              77.22904812520659,
              28.687890483912483
            ],
            [
              77.22798421045604,
              28.70262166067556
            ],
            [
              77.2315354024953,
              28.715489329196686
            ],
            [
              77.23653236784713,
              28.722065080750895
            ],
            [
              77.22227981816036,
              28.74170263178857
            ],
            [
              77.22533258447845,
              28.757765085829973
            ],
            [
              77.21888619482581,
              28.762226466057783
            ],
            [
              77.21074337966155,
              28.772337992518644
            ],
            [
              77.19852848736485,
              28.786313960610485
            ],
            [
              77.20294005665016,
              28.809206049550042
            ],
            [
              77.22329304768493,
              28.830308728721832
            ],
            [
              77.20836370043804,
              28.84486827860374
            ],
            [
              77.20671129305987,
              28.857793548965915
            ],
            [
              77.2033424337231,
              28.858004327152344
            ],
            [
              77.17904197556987,
              28.85821522546067
            ],
            [
              77.17302744047026,
              28.858004520025432
            ],
            [
              77.17261548692215,
              28.852129043150157
            ],
            [
              77.17232537327993,
              28.850028916157626
            ],
            [
              77.1694903253977,
              28.850919466751392
            ],
            [
              77.16702382488717,
              28.849267226761484
            ],
            [
              77.16607983300844,
              28.84952248016377
            ],
            [
              77.15684708629988,
              28.838698471051146
            ],
            [
              77.1572091182856,
              28.836916007479402
            ],
            [
              77.14663069571861,
              28.83781163641727
            ],
            [
              77.14212200721948,
              28.839212623444652
            ],
            [
              77.14248454595747,
              28.841250029793883
            ],
            [
              77.14153837302985,
              28.84315985979488
            ],
            [
              77.14198212169839,
              28.846663268471985
            ],
            [
              77.14325602565333,
              28.848935739980675
            ],
            [
              77.14558606513441,
              28.853583224130006
            ],
            [
              77.14179675740849,
              28.856069699662484
            ],
            [
              77.14252973027845,
              28.8596338541457
            ],
            [
              77.14077921614665,
              28.859634797076893
            ],
            [
              77.14012031758472,
              28.86154502620279
            ],
            [
              77.13413516893377,
              28.862470320134364
            ],
            [
              77.13174681927495,
              28.8628393566037
            ],
            [
              77.12655013029229,
              28.86099446425071
            ],
            [
              77.12345780710996,
              28.85742807002876
            ],
            [
              77.11671744474711,
              28.86283953954694
            ],
            [
              77.11279022457143,
              28.866406219555444
            ],
            [
              77.10941801446751,
              28.869972998307034
            ],
            [
              77.10407975920623,
              28.870710629024472
            ],
            [
              77.09438893415455,
              28.87132523642761
            ],
            [
              77.08778870223074,
              28.875752307251048
            ],
            [
              77.08750799463388,
              28.881040500482897
            ],
            [
              77.08301403936929,
              28.883745504534787
            ],
            [
              77.07791509030233,
              28.87725436020473
            ],
            [
              77.07919950403436,
              28.87377792843637
            ],
            [
              77.07896589820695,
              28.872244116562214
            ],
            [
              77.07452851075624,
              28.867437997724124
            ],
            [
              77.07207639895012,
              28.869278478261975
            ],
            [
              77.0692742994317,
              28.867029092865977
            ],
            [
              77.0611007794692,
              28.87060787749691
            ],
            [
              77.05514600504011,
              28.863553170995516
            ],
            [
              77.05222680876437,
              28.85884799828233
            ],
            [
              77.05129343044808,
              28.85526808386072
            ],
            [
              77.0503594448711,
              28.85363256284097
            ],
            [
              77.04557542715077,
              28.847295083320233
            ],
            [
              77.04569171218844,
              28.845454354324943
            ],
            [
              77.04522563157474,
              28.840753428034844
            ],
            [
              77.04184186049088,
              28.837483207484084
            ],
            [
              77.04312600194004,
              28.83400749253913
            ],
            [
              77.04009178007499,
              28.832065366257623
            ],
            [
              77.02386791061235,
              28.83901774540263
            ],
            [
              77.02142653121479,
              28.83891823217317
            ],
            [
              77.01792671123752,
              28.839736241540976
            ],
            [
              77.00846847453715,
              28.840551286875495
            ],
            [
              76.99948803460467,
              28.83789565021401
            ],
            [
              76.9949374684785,
              28.83973562188433
            ],
            [
              76.99178699801564,
              28.838509106814627
            ],
            [
              76.98712006348393,
              28.834318778133834
            ],
            [
              76.98603083493407,
              28.82984534651689
            ],
            [
              76.98019423784314,
              28.82145966220314
            ],
            [
              76.97552791068682,
              28.823404759149895
            ],
            [
              76.972376874502,
              28.826778987879464
            ],
            [
              76.96665844916231,
              28.82780041990455
            ],
            [
              76.96374043844071,
              28.823098457374343
            ],
            [
              76.96514078939236,
              28.82044026950453
            ],
            [
              76.96147770806107,
              28.81470048733202
            ],
            [
              76.95126674641023,
              28.818556814054446
            ],
            [
              76.94616611828872,
              28.81059980554531
            ],
            [
              76.94602183183406,
              28.80563314317969
            ],
            [
              76.94289872902385,
              28.798428876790126
            ],
            [
              76.94691038140684,
              28.796671637276063
            ],
            [
              76.95293125385706,
              28.791101783963157
            ],
            [
              76.94891595460655,
              28.77614824400483
            ],
            [
              76.95493770225579,
              28.76735082158376
            ],
            [
              76.9447397177072,
              28.75688613350718
            ],
            [
              76.95822784685805,
              28.74336776983212
            ],
            [
              76.95975510645019,
              28.73129444875937
            ],
            [
              76.94853448681152,
              28.712505574637376
            ],
            [
              76.96893831843232,
              28.699978373529646
            ]
          ]
          ]
        }
      },
      {
        "type": "Feature",
        "properties": { "region": "BRPL", "color": "#00FF00" },
        "geometry": {
          "type": "Polygon",
          "coordinates": [
            [
                [
                  76.96464295892332,
                  28.69514745171574
                ],
                [
                  76.95951721945892,
                  28.68615370270841
                ],
                [
                  76.95669716975834,
                  28.68165562678074
                ],
                [
                  76.95464719260298,
                  28.669509689332926
                ],
                [
                  76.95131413491197,
                  28.66726011827562
                ],
                [
                  76.93593158924364,
                  28.666360861923877
                ],
                [
                  76.92465143972777,
                  28.64926402849187
                ],
                [
                  76.94541701256492,
                  28.629914315184536
                ],
                [
                  76.93413694830741,
                  28.616637448147003
                ],
                [
                  76.91824231230885,
                  28.630364349048023
                ],
                [
                  76.91208954998746,
                  28.629914315184536
                ],
                [
                  76.90644951785953,
                  28.62338860731748
                ],
                [
                  76.89260532458349,
                  28.63013894423176
                ],
                [
                  76.8867085951282,
                  28.630138742347015
                ],
                [
                  76.8831192535419,
                  28.622262596434695
                ],
                [
                  76.8748258214552,
                  28.604918303776742
                ],
                [
                  76.86918622718542,
                  28.59613867513623
                ],
                [
                  76.8640614041309,
                  28.585783213059116
                ],
                [
                  76.85867673668861,
                  28.583531706571534
                ],
                [
                  76.83868433470485,
                  28.581732059127944
                ],
                [
                  76.83945069570518,
                  28.570924214129107
                ],
                [
                  76.84278152066668,
                  28.558763679918115
                ],
                [
                  76.84432698124363,
                  28.55052075332867
                ],
                [
                  76.86252619823927,
                  28.543089418139715
                ],
                [
                  76.8681660821461,
                  28.534981067072223
                ],
                [
                  76.88124276022967,
                  28.521916529271138
                ],
                [
                  76.88739629670977,
                  28.518762954796344
                ],
                [
                  76.87893515197737,
                  28.50434422102724
                ],
                [
                  76.89201136742918,
                  28.497811059232518
                ],
                [
                  76.90047214868156,
                  28.508400651315938
                ],
                [
                  76.90713675700721,
                  28.511326462425586
                ],
                [
                  76.91995707086136,
                  28.50659355578894
                ],
                [
                  76.93021328783823,
                  28.50884776594033
                ],
                [
                  76.93611057015283,
                  28.510199762245705
                ],
                [
                  76.93995656727594,
                  28.50569361007446
                ],
                [
                  76.94636704984089,
                  28.503439971212558
                ],
                [
                  76.97431327745886,
                  28.516283622070574
                ],
                [
                  76.97841329914138,
                  28.519663607183375
                ],
                [
                  76.9902086264342,
                  28.512454093200574
                ],
                [
                  76.99738620605751,
                  28.517861354539292
                ],
                [
                  77.00994773557261,
                  28.513356100461323
                ],
                [
                  77.01636079270827,
                  28.52011378229581
                ],
                [
                  77.00156599834133,
                  28.529123516359277
                ],
                [
                  77.00413047563717,
                  28.5381344330968
                ],
                [
                  77.01618139335119,
                  28.538584968189696
                ],
                [
                  77.02259198069527,
                  28.532502756980662
                ],
                [
                  77.04334253182896,
                  28.52304431267619
                ],
                [
                  77.04820411702593,
                  28.518766576402115
                ],
                [
                  77.04554766976025,
                  28.51575901394129
                ],
                [
                  77.06166894382966,
                  28.51035884433159
                ],
                [
                  77.06755722260539,
                  28.51080995603931
                ],
                [
                  77.07114257392686,
                  28.51846421796685
                ],
                [
                  77.07957856665428,
                  28.516890019026405
                ],
                [
                  77.09792628736767,
                  28.50971888251432
                ],
                [
                  77.09613812734898,
                  28.505790606537403
                ],
                [
                  77.12114387308952,
                  28.493997915183172
                ],
                [
                  77.11087232246149,
                  28.46494220595777
                ],
                [
                  77.12291562484461,
                  28.448462635529353
                ],
                [
                  77.13633257381241,
                  28.43588004527456
                ],
                [
                  77.14662371176064,
                  28.437439061257464
                ],
                [
                  77.16444830735867,
                  28.424506964242752
                ],
                [
                  77.16443518432385,
                  28.412343496176035
                ],
                [
                  77.17469335469042,
                  28.40135711840992
                ],
                [
                  77.1791695322409,
                  28.408023362719334
                ],
                [
                  77.19167549468125,
                  28.405663895450445
                ],
                [
                  77.22693874387897,
                  28.409989116039014
                ],
                [
                  77.24574227888161,
                  28.422535472784887
                ],
                [
                  77.25113134869918,
                  28.42998862007981
                ],
                [
                  77.24978677669833,
                  28.437453052787603
                ],
                [
                  77.24526815838573,
                  28.455135207479728
                ],
                [
                  77.22828894449174,
                  28.454352128769102
                ],
                [
                  77.23502513101454,
                  28.4704427914277
                ],
                [
                  77.2453422849814,
                  28.477900705659692
                ],
                [
                  77.26799990502258,
                  28.485807689518495
                ],
                [
                  77.27650486225599,
                  28.49248265571829
                ],
                [
                  77.29084446177302,
                  28.494831698155622
                ],
                [
                  77.30205321726424,
                  28.49207323466611
                ],
                [
                  77.31280835393488,
                  28.482237797956074
                ],
                [
                  77.31997528674344,
                  28.489314347830913
                ],
                [
                  77.32519931949167,
                  28.488522925237874
                ],
                [
                  77.33511750710676,
                  28.502460731883403
                ],
                [
                  77.34444126779886,
                  28.51200111234205
                ],
                [
                  77.34305772735155,
                  28.51928708602226
                ],
                [
                  77.32463165776369,
                  28.533452378342517
                ],
                [
                  77.30639856690334,
                  28.55002884481192
                ],
                [
                  77.28259121255755,
                  28.58380598944136
                ],
                [
                  77.26442007395447,
                  28.595397205464018
                ],
                [
                  77.25691345397678,
                  28.59151693952981
                ],
                [
                  77.22868773040025,
                  28.57385048610834
                ],
                [
                  77.19586599984598,
                  28.53178843996696
                ],
                [
                  77.1916268468529,
                  28.527497844889226
                ],
                [
                  77.17800544897466,
                  28.52710362730633
                ],
                [
                  77.17067826764577,
                  28.53906106403268
                ],
                [
                  77.16339778229434,
                  28.54186326673063
                ],
                [
                  77.14928634868687,
                  28.535930585062374
                ],
                [
                  77.1366554401879,
                  28.54135451887595
                ],
                [
                  77.12389484515074,
                  28.549691876536592
                ],
                [
                  77.12289264599463,
                  28.56852976228855
                ],
                [
                  77.13135438356821,
                  28.61023351193119
                ],
                [
                  77.15717532534298,
                  28.651341995577962
                ],
                [
                  77.16077819685367,
                  28.666376634628115
                ],
                [
                  77.15596719798089,
                  28.677968584127186
                ],
                [
                  76.96464295892332,
                  28.69514745171574
                ]
              ]
          ]
        }
      },
      {
        "type": "Feature",
        "properties": { "region": "MES" , "color": "#0000FF"},
        "geometry": {
          "type": "Polygon",
          "coordinates": [
            [
                [
                  77.1925483787939,
                  28.528517110200895
                ],
                [
                  77.19148029500752,
                  28.567714460027204
                ],
                [
                  77.17966892333521,
                  28.57679633654425
                ],
                [
                  77.18979043471171,
                  28.58549555841843
                ],
                [
                  77.17376793143472,
                  28.589199485216298
                ],
                [
                  77.16681621231749,
                  28.60251835919817
                ],
                [
                  77.15739066126213,
                  28.652152841100317
                ],
                [
                  77.13168954333855,
                  28.610998021436757
                ],
                [
                  77.12330475656302,
                  28.569870934243568
                ],
                [
                  77.1241514063031,
                  28.549588027134178
                ],
                [
                  77.15024765480206,
                  28.536970618172333
                ],
                [
                  77.15556518939957,
                  28.540700216248354
                ],
                [
                  77.1643607188484,
                  28.540286941813278
                ],
                [
                  77.16893392372185,
                  28.53890393993406
                ],
                [
                  77.17774508129844,
                  28.527023153459183
                ],
                [
                  77.1908126649472,
                  28.527549866484577
                ],
                [
                  77.1925483787939,
                  28.528517110200895
                ]
              ]
          ]
        }
      },
      {
        "type": "Feature",
        "properties": { "region": "NDMC", "color": "#FFFF00" },
        "geometry": {
          "type": "Polygon",
          "coordinates": [
            [
              [
                77.2287902017091,
                28.687333753251977
              ],
              [
                77.18848349944412,
                28.677916742019043
              ],
              [
                77.20147245195045,
                28.65624893979843
              ],
              [
                77.17190745642841,
                28.65104861478757
              ],
              [
                77.16213390754214,
                28.686101617788246
              ],
              [
                77.16327926209374,
                28.647560092195732
              ],
              [
                77.16340378358883,
                28.609515172783368
              ],
              [
                77.16675625657942,
                28.60248852240933
              ],
              [
                77.17390786810665,
                28.58921216414666
              ],
              [
                77.18904426594915,
                28.585802799558273
              ],
              [
                77.17959116775626,
                28.576932464268015
              ],
              [
                77.19265807169398,
                28.56601913366095
              ],
              [
                77.19202417534694,
                28.549566555082848
              ],
              [
                77.19747334149571,
                28.548497099625536
              ],
              [
                77.19668150346996,
                28.532985232272623
              ],
              [
                77.22800060983127,
                28.573275879577054
              ],
              [
                77.23098657760272,
                28.576328504908034
              ],
              [
                77.23203279256876,
                28.577350667286908
              ],
              [
                77.2332039373959,
                28.58112011698077
              ],
              [
                77.23782735029647,
                28.5861704214458
              ],
              [
                77.26406806869687,
                28.596933553189686
              ],
              [
                77.26326221063104,
                28.597191381614536
              ],
              [
                77.2610149080769,
                28.600624179269033
              ],
              [
                77.25546462494214,
                28.607659631427964
              ],
              [
                77.2536194150656,
                28.62173118682331
              ],
              [
                77.25362069932658,
                28.63120163943357
              ],
              [
                77.259779035662,
                28.639042948501228
              ],
              [
                77.26141447544177,
                28.652861657889375
              ],
              [
                77.25170171408242,
                28.658246677392007
              ],
              [
                77.23618176071679,
                28.66290302250823
              ],
              [
                77.2287902017091,
                28.687333753251977
              ]
            ]
          ]
        }
      },
      {
        "type": "Feature",
        "properties": { "region": "BYPL", "color": "#FF00FF" },
        "geometry": {
          "type": "Polygon",
          "coordinates": [
            [
                [
                  77.23578026106128,
                  28.760735709937734
                ],
                [
                  77.23117944614324,
                  28.754214572678606
                ],
                [
                  77.22902309121253,
                  28.747597764329413
                ],
                [
                  77.2301012978815,
                  28.745077012236678
                ],
                [
                  77.24106677642379,
                  28.727606883196415
                ],
                [
                  77.24501962354793,
                  28.723033061885687
                ],
                [
                  77.23711276635555,
                  28.71263323141632
                ],
                [
                  77.23711390570503,
                  28.70774978683795
                ],
                [
                  77.23351818472565,
                  28.70301756087933
                ],
                [
                  77.23377529522554,
                  28.687693358955627
                ],
                [
                  77.23413467588028,
                  28.68027953761502
                ],
                [
                  77.23791258944578,
                  28.6747489054775
                ],
                [
                  77.23791273267892,
                  28.667801183938863
                ],
                [
                  77.25267634409141,
                  28.662892805935
                ],
                [
                  77.2616646869551,
                  28.657058859060157
                ],
                [
                  77.26759680532206,
                  28.650118266239787
                ],
                [
                  77.26634128038614,
                  28.642075226751786
                ],
                [
                  77.26058867078405,
                  28.62850526084975
                ],
                [
                  77.25735190570146,
                  28.616511586973417
                ],
                [
                  77.26202404451328,
                  28.603887668658388
                ],
                [
                  77.26921837277797,
                  28.5974128689312
                ],
                [
                  77.27817369934667,
                  28.592145165829578
                ],
                [
                  77.28896904555461,
                  28.58553361783504
                ],
                [
                  77.29207686255472,
                  28.581245795292062
                ],
                [
                  77.29429618821547,
                  28.57858080605557
                ],
                [
                  77.29654440577735,
                  28.579468716482552
                ],
                [
                  77.29850720856285,
                  28.581381956440694
                ],
                [
                  77.31325950256098,
                  28.5974940130897
                ],
                [
                  77.33240124439635,
                  28.59994493595677
                ],
                [
                  77.34237090160286,
                  28.606597152737976
                ],
                [
                  77.34237080452715,
                  28.62130055425824
                ],
                [
                  77.31554720232822,
                  28.638996374845547
                ],
                [
                  77.31794046142187,
                  28.64529660663696
                ],
                [
                  77.32073203596173,
                  28.661396117428495
                ],
                [
                  77.32352078631118,
                  28.676094488214886
                ],
                [
                  77.32910509392116,
                  28.67819359270122
                ],
                [
                  77.33308967539773,
                  28.683792801144406
                ],
                [
                  77.32351269676883,
                  28.69918684230511
                ],
                [
                  77.32590273401672,
                  28.70408429462337
                ],
                [
                  77.3219159170742,
                  28.707581899630526
                ],
                [
                  77.32828822299126,
                  28.71387795132378
                ],
                [
                  77.30795977694135,
                  28.714576957768244
                ],
                [
                  77.30118258065488,
                  28.71107919852939
                ],
                [
                  77.2935982302551,
                  28.70338531086479
                ],
                [
                  77.28681940708361,
                  28.711779366351465
                ],
                [
                  77.29080864018238,
                  28.72262079750783
                ],
                [
                  77.27326229948773,
                  28.73625856942509
                ],
                [
                  77.25930419325903,
                  28.734859663297655
                ],
                [
                  77.25531761312828,
                  28.740804194499333
                ],
                [
                  77.25930527594562,
                  28.750593877808782
                ],
                [
                  77.25651399547593,
                  28.755488500959785
                ],
                [
                  77.25053353832033,
                  28.755489393022586
                ],
                [
                  77.23578026106128,
                  28.760735709937734
                ]
              ]
          ]
        }
      }
    ]
  }
  